단어,발음,주요뜻,메모,암기여부,저장날짜
in cahoots,,한통속이 되어|꾸민,,미암기,2014-03-08 13:22:20
harper,hάːrpər,하프 연주자|장황하고 지루하게 같은 말을 하는 사람,,미암기,2014-03-08 13:20:37
what does that say about,,~은 어쩌고? ~은 어떻다는 거야?,"1)그럼 네 계획은 어쩌고? What does that say about your plan?
대체 그게 무슨 말이에요? What does that say about me?
",미암기,2014-03-08 13:16:58
clean the slate,,"백지로 돌리다, 기왕의 일은 없었던 것으로 하다","1)다시 한 번 처음부터 시작하면, 나는 알 수 있을 것이다. If I start off with a clean slate, then I'll know.

cf) wipe the slate clean
to start a new and better way of behaving, forgetting about any bad experiences in the past: 
인간관계를 새롭게 하면 예전에 잘못했던 것을 털어내고 다시 시작할 수 있는 계기가 되지.
A new relationship presents you with the opportunity to wipe the slate clean.
",미암기,2014-03-08 13:10:22
bric a brac,bríkəbrӕk,골동품|고물|오래된 기물류,,미암기,2014-03-08 12:48:14
be that as it may,,그것은 그렇다치고|어떻든|어쨌든,,미암기,2014-03-08 12:44:53
get back,,돌아가다|다시|복귀하다|연락하다|되찾다,"1)나는 올해 아빠한테 정말 그럴듯한 농담으로 복수하고 말 거야! I will get back at him this year with a really nice joke!
",미암기,2014-03-08 12:40:36
satin,sǽtn,수자직|공단의|부드러운,,미암기,2014-03-08 12:35:44
lingerie,lὰːnʒəréi,란제리|리넨 제품|속옷류,,미암기,2014-03-08 12:35:11
shell out,,피라미드 놀이의 일종|들이다|기부하다,,미암기,2014-03-08 08:50:49
lap dance,,랩 댄스,,미암기,2014-03-07 23:22:47
sourpuss,,심보가 비뚤어진 사람|음흉한 사람|흥을 깨는 사람,,미암기,2014-03-07 23:19:07
checkbook,tʃékbùk,수표장|수표책,,미암기,2014-03-07 23:18:38
rally,rǽli,시위하다|집회|모이다|회복하다|반등하다,"1)그들은 그의 깃발 아래 모여들었다. They rallied round his standard.
",미암기,2014-03-07 20:22:02
wag,wæg,흔들다,,미암기,2014-03-07 20:20:33
wedgy,wédʒi,쐐기 모양의|속옷이 위로 당겨져 엉덩이 사이에 꼭 끼어 있는 상황|쐐기 같은,,미암기,2014-03-07 20:16:21
yank,jæŋk,홱 잡아당기다|쫓아내다|Yankee,,미암기,2014-03-07 20:14:58
for keeps,,이기면 돌려주지 않기로 약조하고|진정으로|최종적으로,,미암기,2014-03-07 20:11:29
flashlight,flæˈʃlaiˌt,손전등|플래시,,미암기,2014-03-07 20:05:58
un-freaking-believable,,도저히 믿을 수 없는,,미암기,2014-03-07 20:03:47
twerp,twəːrp,시시한 놈|바보,"1)바보같은 이 놈을 우리 모임에 끼워주자. I want this twerp in the group.
",미암기,2014-03-07 19:49:48
I've got your back.,,(미·구어) 내가 도와[밀어]주겠소.,,미암기,2014-03-07 19:48:44
That ship has sailed,,(Originally US) That opportunity has already passed.,,미암기,2014-03-07 19:46:07
cut sb some slack,,(비격식) ~을 덜 몰아붙이다,"1)이봐요, 그 앨 그만 좀 몰아붙여요! 걔도 최선을 다하고 있는 거라구요! Hey, cut him some slack! He's doing his best!
",미암기,2014-03-07 19:41:54
cut sb some slack,,(비격식) ~을 덜 몰아붙이다,,미암기,2014-03-07 19:41:35
clammy,klǽmi,진득거리고 차가운|차갑고 습한|습한,"1)clammy hands 축축한 손  His skin felt cold and clammy.그의 피부는 차갑고 축축했다.
",미암기,2014-03-06 20:33:54
impendig doom,,임박한 파멸이나 종말,,미암기,2014-03-06 20:28:21
shut the hell up,,입다물고 있다.,,미암기,2014-03-06 20:23:50
talking stick,,"발언권 The talking stick, also called a speaker's staff, is an instrument of aboriginal democracy used by many tribes, especially those of indigenous peoples of the Northwest Coast of North America. The talking stick may be passed around a group or used only by leaders as a symbol of their authority and right to speak in public.",,미암기,2014-03-06 20:22:03
long winded,-wíndid,지루한|장황하게 이야기하는|말이 긴,,미암기,2014-03-06 20:18:05
hang back,,앞에 나서길 꺼리다|꺼리다|망설이다,"1)1. To stay behind as others move ahead. 
Hey, can you hang back for a minute? I have a question for you. I'm going to hang back for a bit and take some more pictures of the waterfall.
2. To wait to take action. Hang back on that project until I get these questions answered by the boss.
to lag back behind someone or something; to stay back from someone or something, perhaps in avoidance. Why are you hanging back from the rest of the group? Come on! Don't hang back!

1.  To keep a distance behind others; lag: Everyone surged forward, but I hung back, afraid I'd be crushed. I hung back behind the popular kids as I walked through the hall.

2.  To delay or hesitate on some task; hold off: You should hang back on filling out college applications until you get better test scores.
",미암기,2014-03-06 20:08:59
fixation,fikséiʃən,고착|정착|병적인 집착,,미암기,2014-03-06 20:06:08
weasel,wízl,족제비|회피하다,,미암기,2014-03-06 20:03:53
flappy,flǽpi,느슨한|야무지지 못한|축 늘어진,"1)그렇게 처져있는 살이 있어요, 팔뚝에. There's that flappy part.
이용자 참여 이렇게 헐렁한 걸 입으니까 바보같이 보여 I look stupid with these flappy things.
",미암기,2014-03-06 20:02:14
Get your ass back here,,돌아와,"1)여기서 썩 꺼져. Get your ass out of here.
",미암기,2014-03-06 00:08:15
every so often,,때때로|이따금|자주,,미암기,2014-03-06 00:04:29
back off,,철회하다|…에서 물러나다|차의 속도를 늦추다,"1)그만 둬! 나한테 고함지를 필요 없잖아. Back off! There's no need to yell at me. 
",미암기,2014-03-05 23:54:19
waltz,wɔːlts,왈츠,"1)(비격식) 당당하게 걷다[가다] 
나는 그가 자기 집이라도 되는 양 당당하게 이 집 안으로 걸어들어오는 것이 싫어. I don't like him waltzing into the house as if he owned it.
근데 앨런은 내 동생이라 그냥 (이 모임에) 들어온다고? Now Alan thinks he can waltz right in because he's my little brother?
",미암기,2014-03-04 20:22:24
go through the hoop,,시련을 겪다|고생하다,"1)= jump[be put] through the hoop(s) 
그는 어릴 때 고생하며 컸다. He went through the hoop while he was young.
",미암기,2014-03-04 20:17:29
low  n.,,최저치,"1)최저 기록의[으로] at a new[an all-time] low
새로 최저치에 이르다.hit[reach] a new low
내 인기가 이렇게까지 떨어지다니[인간적인 모멸감의 최저치 기록 갱신이군] Well, that's a new personal low.
",미암기,2014-03-04 18:53:29
foosball,fúːsbɔ̀ːl,탁상 축구 경기,,미암기,2014-03-04 18:44:24
bent out of shape,,취해 있는|비틀거리는|고주망태가 된,,미암기,2014-03-04 18:41:38
hindsight,haiˈndsaiˌt,지나고 나서|사후|뒤늦게,"1)나중에 생각해 보면 분명해 보이는 것이 그 당시에는 전혀 분명하지 않았다. What looks obvious in hindsight was not at all obvious at the time.
나중에 깨닫고 나서 비판을 하기는 쉽다. It's easy to criticize with the benefit of hindsight.
",미암기,2014-03-04 18:39:06
bookie,búki,경마 도박의 물주|사설 마권업자,,미암기,2014-03-04 18:35:56
at half mast,,반기의 위치에 내려|너무 짧아|매듭을 아래쪽으로 늘어 뜨려,,미암기,2014-03-04 18:29:40
Corn Pop,,켈로그에서 만든 옥수수 시리얼,,미암기,2014-03-04 18:27:54
per se,pəːr séi,그 자체로|본질적으로|스스로,,미암기,2014-03-04 18:25:01
drat,dræt,…을 저주하다|악담하다|저런,,미암기,2014-03-04 18:23:54
wise-ass,,[미·속어] 수재; 건방진[잘난 체하는] (녀석),,미암기,2014-03-04 18:17:15
camaraderie,kὰːmərάːdəri,우정|동지임|우애,,미암기,2014-03-04 18:12:52
pick one's nose,,코를 후비다,,미암기,2014-03-04 18:11:20
rudderless,rΛdərlis,키가 없는|지도자가 없는,"1)which do not have a clear aim or a strong leader to follow.
",미암기,2014-03-04 18:08:55
Beano,,가스찬데 먹는 소화제의 일종,,미암기,2014-03-04 17:58:32
good to go,,"순조롭게, 잘 나가서","1)일이 잘되었다.It was good to go.
",미암기,2014-03-04 17:57:22
single-malt,,(위스키가) 블렌드되지 않고 단일 몰트위스키로 된.,"1)single-malt Scotch
",미암기,2014-03-04 17:47:29
make oneself scarce,,떠나다|모습을 감추다|가 버리다,,미암기,2014-03-04 17:42:45
vig,vig,수수료|내기돈|구매자와 판매자가 거래하는 데 이용한 소프트웨어 등에 대한 소액의 수수료,,미암기,2014-03-04 17:42:12
it just wasn’t meant to be.,,그렇게 될 운명이 아니었나봐,"1)나름 최선을 다했는데 아무래도 안 해야 될 팔자인가봐. I tried my best, but it just wasn't meant to be.
그녀는 그 두 사람을 함께 맺어 주려고 온갖 애를 썼지만 그냥 그렇게 될 운명이 아니었던 모양이다. She did everything to get the two of them together, but I guess it just wasn’t meant to be.
",미암기,2014-03-04 11:20:33
nice and + 형,,"매우, 더할 나위 없이","1)날씨가 매우 서늘했다. The weather was nice and cool.
",미암기,2014-03-04 10:58:54
be up against,,직면하고 있다,"1)어떻게 해야 될지 함 보자. Let's see what we're up against here.
",미암기,2014-03-04 10:52:29
meet cute,,"A situation in a film, television series, etc. in which a potential or future romantic couple meet for the first time in a way that is considered adorable, entertaining, or amusing.","1)알아요 하지만 운명적인 만남이라는 게 이런거 아닐까요? I know, but how 'meet cute' is this? 
",미암기,2014-03-04 10:39:17
If I had a nickel for every time,,"When someone uses this expression, they mean that the specific thing happens a lot. It is an abbreviation of the statement 'If I had a nickel for every time that happened, I would be rich'","1)한두번 듣는 말이 아니에요. If I had a nickel for every time I heard that.
",미암기,2014-03-04 10:29:56
walk in on,,…과 마주치다,"1)(~가 사적인 일을 하고 있는 방에) 들어가다 Sorry, I didn't mean to walk in on you.
",미암기,2014-03-04 10:08:48
let on,,폭로하다|누설하다|자백하다,"1)보기보다 뭘 많이 아는거 같애 I guess he knows more than he lets on.
",미암기,2014-03-04 09:58:57
all the way,,처음부터 끝까지|도중에 내내|줄곧,,미암기,2014-03-04 09:17:33
pop,pap,팝|대중의|가요|튀어나오다|갑자기,,미암기,2014-03-04 00:10:41
popsicle,pάpsikl,아이스캔디,,미암기,2014-03-04 00:09:14
fella,félə,여러분|남자|사람|친구|젊은이,,미암기,2014-03-04 00:08:23
stay off your feet,,일하지 않고 그냥 쉬다,"1)통증이 심하면 며칠간 푹 쉬세요. Stay off your feet for several days when the pain is severe.
",미암기,2014-03-03 23:44:11
Supercuts,,미국의 저가 체인 미용실의 상호,,미암기,2014-03-03 23:36:03
snip,snip,싹둑 자르다|…을 싹둑 잘라내다|자투리,,미암기,2014-03-03 23:28:01
let it(her) rip,,"make a car, boat etc go as fast as it can","1)악셀을 밞아서 속도를 내! Put your foot on the gas and let her rip!
직선주로다. 속도를 내! There’s a straight road ahead. Let it rip!
",미암기,2014-03-03 23:12:54
shoehorn,ʃuˈhɔˌrn,구둣주걱|좁은 장소에 밀어넣다,,미암기,2014-03-02 22:31:11
drop trou,,바지를 내리다,"1)내가 실수로 그의 바지를 내렸지 뭐야. I accidentally dropped trout his pants.
",미암기,2014-03-02 22:29:04
up front with,,"솔직하게, 툭 터놓고","1)그는 친구들에게 아주 솔직하다  He's very up-front with his friends.
제이크한테 한 실수에 대해서는 너한테 솔직하게 인정해. Look, I'm being real up front with you about the mistakes I've made with Jake.
",미암기,2014-03-02 22:23:14
numbnuts,nΛmnΛts,바보|쓸모없는 사람,,미암기,2014-03-02 22:04:48
stampede,stæmpíːd,앞을 다투어 도망치기|쇄도|놀라서 우르르 도망치기,,미암기,2014-03-02 21:59:04
spook,spuːk,유령|도깨비|괴짜,,미암기,2014-03-02 21:58:06
crone,kroun,쪼그랑 할멈|늙은 암양|쭈그렁할멈,,미암기,2014-03-02 21:46:21
shovel,ʃΛvəl,삽|삽질하다,,미암기,2014-03-02 21:43:36
sucker,sΛkər,빠는 사람|젖먹이|속기 쉬운 사람,"1)여자들은 말만 잘하면(좋게 사과하면) 다 통해. Women are suckers for a good apology. 
",미암기,2014-03-02 21:36:51
chop,tʃɑp,자르다|패다|갈비|베다|헬기,"1)엄마는 항상 나에게 잔소리를 한다.My mom always busts her chops on me.       
제이크가 한 말 때문에 아직도 잔소리를 해? She's still busting your chops about what Jake said?
",미암기,2014-03-02 21:31:19
parrot,pǽrət,앵무새|되풀이하는 사람,,미암기,2014-03-02 18:47:21
spew,spjuː,토하다|쏟아내다|토해낸 것,,미암기,2014-03-02 18:43:42
drain the lizard,,오줌싸다,"1)오줌싸고 금방올게 Be right back. Gotta go drain the lizard.
",미암기,2014-03-02 17:02:11
compulsion,kəmpΛlʃən,강제|강박|충동,"1)If you've got someone to clean your house and do your shopping and you're getting action on a regular basis, the only reason you need a wife is if you have sick compulsion to give away half your stuff.
청소하고 쇼핑해줄 사람이 있고, 정기적으로 섹스할 수 있을 정도면 아내가 필요한 유일한 경우는 너의 절반을 허비해야 겠다는 강박관념이 있을 때나 그런거야.
",미암기,2014-03-02 16:42:21
huff,hʌf,불끈 화를 냄|…을 화나게 하다|성내다,,미암기,2014-03-02 16:27:20
harried,hǽrid,몹시 곤란을 겪는|어찌할 바를 모르는,,미암기,2014-03-02 16:26:03
attagirl,ǽtəgə̀ːrl,잘했어|훌륭해|좋아!,,미암기,2014-03-02 12:22:20
attaboy,ǽtəbɔ̀i,잘한다|좋아|장하다,,미암기,2014-03-02 12:21:23
wimp,wimp,겁쟁이|약한 상호 작용을 하는 조립자|윔프,"1)쟤 되게 소심해요. He's too much of a wimp.
",미암기,2014-03-02 12:19:24
pad,pæd,패드|받침대|덧대다|발바닥 살|집,"1)패딩처리가 두툼하게 되어 있어서 이걸로 사람을 때려도 다치지 않아요. It's heavily padded, it can't hurt anyone.
",미암기,2014-03-02 12:17:02
make a spectacle of oneself,,창피한 꼴을 보이다|사람들 앞에서 웃음거리가 될 짓을 하다,"1)나는 신에게 그녀 앞에서 창피한 꼴을 보이지 않도록 기도했다.I prayed to god that I don't make a spectacle of myself in front of her.
",미암기,2014-03-02 12:04:49
steamroller,stiˈmrouˌlər,스팀롤러|롤러가 달린 동력 차량|…을 스팀롤러로 고르게 하다,,미암기,2014-03-02 11:59:37
frigging,frígiŋ,빌어먹을|더럽게,,미암기,2014-03-02 11:58:53
off base,ɔ́(ː)fbéis,군사 기지 밖의|베이스를 떠나서|크게 잘못하여,,미암기,2014-03-02 11:56:40
rug rat,,유아|아기|개구쟁이,,미암기,2014-03-02 11:54:11
crap,kræp,쓰레기|형편없다|헛|똥|저런,,미암기,2014-03-02 11:45:46
set sb up,,to arrange for somebody to meet somebody so that they can have a romantic or sexual relationship,"1)그가 여동생을 내게 소개시켜줬다. He set me up with his sister.
당신이 나에게 누군가를 소개 시켜 준다면 좋을 거예요. So it would be nice if you could set me up with someone.
아. 얘기하고 싶지 않아요. 누나가 여자 소개팅 시켜줬어요.Oh, yeah. I don't want to talk about it. My sister set me up on a blind date.
",미암기,2014-03-02 11:35:58
chitchat,ʧiˈtʧæˌt,한담|잡담|공담,,미암기,2014-03-02 11:32:59
take a shine to,,…이 좋아지다|…에게 호감을 가지다,,미암기,2014-03-02 11:15:28
jackass,dʒǽkӕs,바보|멍청이|나귀의 수컷,,미암기,2014-03-02 11:10:26
twitchy,twíʧi,초조해하는|흠칫 놀라는|침착하지 못한,,미암기,2014-03-02 11:07:01
goofy,gúːfi,멍청한|바보 같은,,미암기,2014-03-02 11:00:28
reflection,riflékʃən,반성|반사|반영|심사숙고,"1)I just want you to know that seeing a therapist is no reflection on you. It's a reflection on your parents. 네가 심리치료를 받는 것은 네 잘못때문이 아니라 네 부모 잘못때문이란다. 
",미암기,2014-03-01 23:05:56
berserk,bərsə́ːrk-zə́ːrk,광포한|광포하게|사나운 전사,"1)내가 어디를 갔다 왔는지를 알게 된 그는 길길이 뛰었다.He went berserk when he found out where I'd been.
",미암기,2014-03-01 22:51:37
for once,,한 번만은|이번 한 번만은,,미암기,2014-03-01 22:47:59
moo-shu chicken,,"중국계 미국식 요리 중 하나로 계란, 야채 등으로 만든 요리 (라조기처럼 생겼음)",,미암기,2014-03-01 22:44:49
bite the big one,,1) very bad or fail  ex. This place really bites the big one!     2) die  ex. It's a surprise to see him bite the big one at the end of the movie.,,미암기,2014-03-01 22:30:22
whipped,wipt,매맞은|거품을 일게 한|휘저어 거품을 일게 한,"1)You're so whipped. 너 지칠대로 지쳤구나 (그래서 만사가 귀찮고 될 대로 되라는 식이지)
",미암기,2014-03-01 22:12:29
ankle deep,,발목에 닿을 만큼의|발목까지|발목까지 오는,,미암기,2014-03-01 21:51:25
loony bin,,정신 병원|정신 병동,,미암기,2014-03-01 21:48:22
dust bunny,,먼지 더미,,미암기,2014-03-01 21:32:23
blank slate,,slate : 석판(아이들이 학교에서 글씨 쓰는 데 이용하던 것) → blank slate : (비유적) 백지상태,"1)I love this kid. He's a comedy blank slate. 난 얘가 좋아. 코미디 백지상태쟎아(알고 있는 유머가 없으니 어떤 유치한 유머를 말해도 다 웃쟎아)
",미암기,2014-03-01 19:51:38
sell sb/sth out,,to not be loyal to somebody,"1)They discovered who had sold them out to the enemy.
",미암기,2014-03-01 17:57:53
mojo,móudʒou,마약|부적|힘,,미암기,2014-02-27 11:04:31
ride shotgun,,무장 호위로서 역마차 마부와 동승하다|보호하다|주의 깊게 돌보다,,미암기,2014-02-09 22:33:35
play into the hands of a person,,남에게 이롭게 되도록 행동하다|남의 계략에 걸려들다|남에게 좋도록 행동하다,"1)그렇게 하면 그 여자한테 놀아나는 게 되쟎아. That would be playing right into her hands.
",미암기,2014-01-26 11:42:16
heads up,hédzΛp,빈틈없는|날쌘|민첩한,"1)[미] 경계, 경고, 주의; 회합 
I'm sorry I didn't give you a heads up about the divorce papers. 이혼 서류에 대해 미리 알려주지 못해서 미안해. 
",미암기,2014-01-26 11:38:18
snoop,snuːp,기웃거리며 다니다|기웃거리며 다니는 사람|살금살금 돌아다니다,,미암기,2014-01-22 00:12:35
duff,dʌf,속이다|궁둥이|…을 진품으로 속여서 팔다,,미암기,2014-01-19 22:22:23
dude,djuːd,젠체하는 사람|놈|녀석,,미암기,2014-01-18 11:48:18
bust,bʌst,파산|흉상|체포하다|부수다|상반신,"1)I was endlessly getting busted in math class doodling behind the textbook.
수학 시간에 교과서 뒤에 낙서하다 걸려서 매번 혼나고 그랬어.

",미암기,2014-01-15 20:46:46
clutter,klΛtər,"혼란, 잡동사니, 어질러놓다, 소란을 피우다",,미암기,2013-12-29 23:19:22
huddle,hΛdl,모이다|몸을 움츠리다,,미암기,2013-12-29 13:11:14
get off lightly,,피하다,"1)A cat gets off lightly and runs away from dogs.
고양이는 개를 잘 피하고 도망친다.
Only two years in prison for stealing all that money? I think he got off very lightly. 그 돈을 다 훔치고도 고작 2년형이라고? 형량이 너무 적은 것 같다. be lucky and escape serious injury, punishment or trouble
",미암기,2013-12-28 13:48:43
carry on,"k'æri,an ",계속하다|기내 반입용의|수하물의,,미암기,2013-12-26 18:54:20
open ended,,제한이 없는|끝이 정하여지지 않은|대략적인,,미암기,2013-12-26 18:47:06
dupe,djuːp,속이다|앞잡이|잘 속는 사람,"1)1) n.잘 속는 사람, vt.속이다.
I don't want to be a dupe for anybody. 어느 누구에게도 사기를 당하고 싶지는 않아. Same way I've often felt about being duped by Scientology in many respects. 나 또한 마찬가지로 여러모로 싸이언톨러지한테 속았다는 느낌이 많이 들어.

2) n.사본(=duplicate)
Make a dupe of this before you send it off. 보내기 전에 복사를 하나 해 둬.
I've got a dupe in the files. 파일에 복사본 있어.
",미암기,2013-12-25 10:37:25
on the move,,매우 바빠|분주하여|자꾸만 이동하여,,미암기,2013-12-22 21:28:09
horse about,,야단법석을 떨다|설치다|빈둥거리다,"1)to play in a noisy and careless way that is likely to damage something or hurt somebody   ex)If you two don't stop horsing around you'll hurt yourselves. 
",미암기,2013-12-21 14:10:54
once over,,훑어보기|대충 보고 평가하기|대충의,,미암기,2013-12-21 13:56:01
charley horse,ʧάːrli,손발 근육의 통증과 경직|쥐|근육통,,미암기,2013-12-21 13:48:09
double take,,웃어 넘긴 다음에 뒤미쳐 깨닫고 놀란 표정을 짓는 연기|다시 보기,"1)I still do a double take when I see my reflection.
거울속의 내모습을 보면 아직도 깜짝깜짝 놀란다.
",미암기,2013-12-20 23:33:09
stick around,,stay put,"1)(비격식) (어떤 곳에(서)) 가지 않고 있다[머무르다]  
Stick around; we'll need you to help us later.예문 발음듣기
가지 말고 있어. 나중에 네가 우리를 도와줘야 할 거야.
We're all done over there, but I can stick around if you need anything. 
저쪽은 다 끝났어요. 하지만 필요한 게 있으시면 옆에 있을게요. 
",미암기,2013-12-18 23:33:54
on the blink,,상태가 나빠서|고장이 나서|운영 상태가 나빠져,,미암기,2013-12-18 12:49:19
hip,hip,엉덩이|허리|허리의|둔부,"1)get[be] hip to modern jazz 현대 재즈통이 되다[이다].
",미암기,2013-12-18 00:54:55
shot,ʃat,발사|촬영|시도|슛|치다,"1)My back tires are shot 뒷 타이어가 다 됐어.
My concentration's shot 내 집중력이 다 했다.
",미암기,2013-12-18 00:24:44
freshen up,,화사하게 꾸미다,"1)Where can I freshen up? 화장실이 어딨죠? 
I'm going to freshen up first. 먼저 씻을게 
",미암기,2013-12-16 12:43:20
rough it,,불편한 생활을 하다|불편을 참다,,미암기,2013-12-16 12:43:09
the birds and bees,,성교육의 기초적인 사항,,미암기,2013-12-12 12:45:37
that's about it,,대략 그런 정도다|이 정도로 해두자,,미암기,2013-11-17 21:45:17
bluff,blʌf,허세|절벽|벼랑|블러프스|허풍떨다,,미암기,2013-11-17 17:44:55
stuck,stʌk,caught or fixed,"1)This drawer keeps getting stuck. 이 서랍이 자꾸 (끼여서) 열리지를 않는다.
I can't get out—I'm stuck.난 빠져나갈 수가 없어. 움직일 수가 없어.
I hate being stuck at home all day.나는 하루 종일 집 안에 갇혀 있는 것이 싫다.
I got stuck on the first question.나는 첫 번째 질문에서 막혔다.
I've never known him to be stuck for words before.내가 전에는 그가 무슨 말을 할지 모르는[말이 막히는] 것을 본 적이 없다.
I was stuck with him for the whole journey.나는 그 여정 내내 그를 떨쳐 버릴 수가 없었다.




",미암기,2013-09-22 21:06:42
big thing,,"대단한 것, 대단한 일   I don't want to make a big thing out of it, but I was pretty lucky. 과대포장하고 싶지는 않지만 나는 정말 운이 좋았다.","1)I don't want to make a big thing out of it, but I was pretty lucky. 과대포장하고 싶지는 않지만 나는 정말 운이 좋았다.
 She made such a big thing about plans for her trip.그 여자는 자기 여행 계획에 대해서 너무 수선을 피웠다.
It's a big thing for me - I'm looking forward to it. 나한텐 정말 중요한 거야, 진짜 해보고 싶어.
",미암기,2013-09-22 18:01:20
pick on,,…의 흠을 들추다|괴롭히다|혹평하다,,미암기,2013-09-22 17:35:32
action figure,,사지를 자유자재로 움직일 수 있는 인형|전투 인형,,미암기,2013-09-22 17:30:19
prop,prap,받치다|지주|받침대|프로펠러|소도구,,미암기,2013-09-22 17:29:30
pinkie,píŋki,새끼손가락,,미암기,2013-09-22 17:25:14
upset the applecart,,계획을 망치다|망쳐 놓다,,미암기,2013-09-17 01:18:55
spick and span,spíkənspǽn,말쑥한|말쑥하게|산뜻한,,미암기,2013-09-17 01:17:44
breather,bríːðər,생물|잠깐 쉼|숨을 쉬는 사람,,미암기,2013-09-17 01:15:56
not touch with a ten foot pole,,…에는 전혀 관계를 가지고 싶지 않다|매우 꺼리다,"1) I wouldn't touch Kim with a ten foot pole. 
킴의 털끝 하나도 건드리지 않을거야. 
",미암기,2013-09-15 00:29:13
lousy,láuzi,형편없는|안좋은|끔찍한|엉망|볼품없는,,미암기,2013-09-13 23:08:58
재수생,,a high school graduate who is waiting for another chance to enter a college|a repeater,,미암기,2013-09-11 23:15:25
lot,lat,많은|매우|훨씬|큰|부지,"1)She's taking the car out of the lot. 주차장에서 차를 빼고 있다. 
",미암기,2013-09-10 16:39:51
snag,snæg,뜻하지 않은 장애|쑥 튀어나온 것|걸려 찢어지게 하다,"1)His research may hit a snag without him. 그가 없어 연구에 차질이 빚어질 수 있다.
There is a snag here. 여기 찢어진 부분이 있어요.
* get a snag : 못 같은 것에 걸려 찢어지다 
I got a snag in my brand new shirt before I even wore it and I want to wear it to a party in the city on Sunday. Is there any way to get it out or at least make it less noticeable?
 * cf)  I've got a run in my stocking. 스타킹에 올이 나갔어. 
",미암기,2013-09-10 14:01:01
fuss,fʌs,소란|야단법석|논쟁|불편함,"1)fuss at somebody (AmE) 
to complain to somebody about somebody/something very often in an annoying way. 
ex) She's always fussing at me about my smoking.
",미암기,2013-09-10 13:44:03
weak as a kitten,,연약한|힘이 없는|기력이 쇠약한,,미암기,2013-09-10 13:41:22
have a thing about,,…에 특별한 감정을 가지다|매우 좋아하다|…을 품고 있다,"1)have very strong feelings, either positive or negative, about somebody/something
I think she's got a thing about David. She keeps looking at him.
데이비드한테 마음이 있나봐. 계속 보고 있어. 

I have a thing for ferry boats. 페리 보트를 좋아해서요. 
I think I have a thing for Anna. 나 애나에게 마음이 있는 것 같아요. 

",미암기,2013-09-10 11:21:00
whip up,,…을 재빨리 준비하다|…을 흥분시키다|유발하다,,미암기,2013-09-09 23:38:28
touch base,,다시 연락하다|협의하다|연락하다,"1)I'll touch base with you first thing tomorrow morning. 내일 아침 바로 연락 드리겠습니다

",미암기,2013-09-02 15:30:57
catch on,,인기를 얻다|유행하다|이해하다,,미암기,2013-08-19 11:01:18
turn the tables,,역습하다|형세를 역전시키다|형세를 일변시키다,,미암기,2013-08-16 16:22:18
sticky wicket,,난처한 처지|대하기 힘드는 상대,,미암기,2013-08-09 13:51:41
makeover,méikòuvər,고쳐만들기|형을 바꾸기|수선,,미암기,2013-08-09 13:26:49
snap,snæp,스냅|쉬운|걸쇠,"1)[미·구어] 쉬운 일[과목], 편한 일 
a soft snap 쉬운 일 
They're a snap to remove. 떼어내기는 아주 쉬워.


",미암기,2013-06-08 13:16:19
put one's foot in it,,무심코 발을 들여놓아 궁지에 빠지다|큰 실수를 하다|얼빠진 짓을 하다,,미암기,2012-11-10 08:04:00
stuck up,,우쭐대는|거드름부리는|점잔빼는,"1)I think she is really stuck up. 내 생각에 그 애는 아주 잘난 척하고 다른 사람을 무시하는 것 같아. 

",미암기,2012-06-08 08:50:29
give a person the air,,퇴짜 놓다|남을 해고하다|해고하다,,미암기,2012-06-01 23:05:47
hunch,hʌnʧ,예감|육감|직감,,미암기,2012-05-27 09:13:47
junkie,dʒΛŋki,마약 중독자|마니아|열광적인 팬,,미암기,2012-05-22 10:54:54
star crossed,,불행한|박복한|운수 사나운,,미암기,2012-05-22 10:51:06
swinger,swíŋər,활동적이고 현대적인 사람|프리 섹스를 하는 사람|매질하는 사람,"1)I heard that in his day that old man was quite a swinger.
젊었을 때는 그분도 꽤 인기가 많으셨대.
",미암기,2011-08-05 08:04:53
pep talk,,격려 연설,"1)pep talk : 격려의 말, pep speech : 격려사, 격려 연설
pepper upper 원기를 북돋우는 약 
pep pill 흥분제, 각성제 , pep rally 단합 집회, 궐기 대회 ,pep team응원단 
",미암기,2011-08-05 07:58:07
hot stuff,,성적 매력이 있는 사람|선정적인 것|뛰어난 사람|전문가|숙련자,,미암기,2011-08-05 07:55:44
pickup,piˈkəˌp,수집|집배하기|승객·화물을 태우기,"1)He's rehearsing pickup lines. 연애 문구를 연습하고 있단다.
",미암기,2011-08-05 07:44:01
smooch,smuːtʃ,애무|키스하다|희룽거리다,,미암기,2011-08-05 07:36:31
cheerio,ʧìərióu,안녕|이별의 말|건배,,미암기,2011-07-30 22:03:18
chum,ʧʌm,친구|사이좋게 지내다|밑밥,,미암기,2011-07-30 22:02:41
wee,wiː,아주 이른|아주 조금,"1)It's a wee bit complicated. [출처: 웹검색 예문]
그게 조금 복잡한데
I think it's just a wee bit~~ : 내가 보기에 이건 좀~~
",미암기,2011-07-30 21:18:40
trifle,tráifl,사소한 일|가지고 놀다,"1)[부사적] 조금 
a trifle sad 조금 슬픈
I was a trifle vexed. 좀 속이 상했다. 

",미암기,2011-07-30 21:16:25
bother,bάðər,괴롭히다|성가시게 하다|신경쓰이다|귀찮게 하다|걱정하다,"1)[구어] 제기랄 [가벼운 짜증의 뜻으로] 
Bother the flies! 요놈의 파리! 
Oh, bother, empty again. 이런, 벌써 다먹었네
",미암기,2011-07-30 21:02:05
shady,ʃéidi,음습한|그늘진|어두운|은밀한|불투명한,"1)There´s something shady about him. [출처: 동아 프라임 한영사전]
그는 어딘지 수상한 데가 있다

He is left out alone from his friends because he has too much integrity to get involved in shady deals. [출처: 동아 프라임 한영사전]
청백하기 때문에 항상 동료들로부터 따돌림을 받는다

",미암기,2011-02-07 22:37:51
land a job[prize],,일자리를 얻다[상을 타다],,미암기,2011-02-05 11:36:17
smug,smʌg,자기 만족의|잘난 체하는|독선적인,,미암기,2011-01-31 21:00:26
freak out,,환각 상태|이상한 행동,"1)There's no need to.. freak out. [출처: 웹검색 예문]
당황할 필요 없어


",미암기,2011-01-31 20:57:16
fall over oneself,,넘어지다|기를 쓰다|무리를 하다,,미암기,2011-01-30 20:24:49
dicker,díkər,흥정하다|…을 거래하다|작은 거래,,미암기,2011-01-30 19:59:31
wing it,,즉흥적으로 연기하다|즉석에서 작곡하다|떠나다,"1)I didn’t know I’d have to make a speech — I just had to wing it.
",미암기,2011-01-30 19:58:41
hot number,,최신의 근사한 것|정열적이고 섹시한 여자|신나는 곡,"1)Their records are a hot number in Korea now. [출처: 동아 프라임 한영사전]
그들이 내놓은 레코드는 지금 한국에서 잘 팔리고 있다
",미암기,2011-01-30 19:57:29
crummy,krΛmi,볼품 없는|값싼|승무원차,"1)That crummy joke you told went over like a lead balloon. [출처: 동아 프라임 한영사전]
너의 어색한 농담으로 흥이 깨져 버렸다
crummy bag 싸구려 가방
",미암기,2011-01-30 19:47:33
get sb into sth,,"to reach a particular state or condition, especially a bad or unpleasant on-e; to make sb do this","1)That's another fine mess I've got myself into!   
My sense of humour often gets me into trouble!  

",미암기,2011-01-29 19:37:59
duck,dʌk,오리|덕|요강|회피하다,"1)duck out of an obligation 의무를 회피하다. 
We ducked into the nearest building. 우리는 가장 가까운 건물 안으로 몸을 피했다.

",미암기,2011-01-29 19:05:32
play it cool,,냉정하게 행동하다|언질을 주지 않다,"1)When she does, play it cool or you could be history. [출처: 경향신문 Screen English]
그녀가 움직이면 너는 쿨하게 행동해야 돼. 아니면 넌 완전히 잘려.
",미암기,2011-01-29 19:03:48
piping hot,,몹시 뜨거운|김이 솟는|따끈따끈한,,미암기,2011-01-25 13:15:33
nippy,nípi,니피|살을 에듯 추운|신랄한,"1)Annie, it's a little nippy out. You might want to put on a sweater. [출처: 경향신문 Screen English]
애니야, 밖이 좀 쌀쌀해. 스웨터 입고 나가라.
",미암기,2011-01-25 12:57:36
sidetrack,saiˈdtræˌk,탈선시키다|측선|탈선,"1)[원래 하던 일에서] 벗어나다 
I got a little side tracked. 잠시 곁길로 빠졌어요


",미암기,2011-01-24 13:34:42
pot[cup]of joe,,커피 한 잔,,미암기,2011-01-24 13:30:41
lost cause,,실패한 목표|패배자|쓸모없는 인간,"1)It's a lost cause. 가망 없다고 봐야죠
It was the lost cause from the start. 처음부터 승산이 없었다
He's a lost cause. 구제불능이야 
",미암기,2011-01-24 13:05:44
die down,,줄어들다|수그러들다|잦아들고 |진정되다|잠잠해지다,"1)The thunderous applause didn´t die down for some time. 우레와 같은 박수 소리가 한동안 그치지 않았다
The wind slowly died down. 바람이 서서히 잤다.


",미암기,2011-01-24 12:54:41
set sb back sth,,[informal] to cost sb a large amount of money,"1)That new car must have set her back a bit.   
This watch set me back £200.   

",미암기,2011-01-24 12:40:45
stay over,,하룻밤을 보내다|외박하다|체류,"1)It´s late, so why don´t you stay over? [출처: 동아 프라임 한영사전]
오늘은 늦었으니 하루 묵고 가십시오
",미암기,2011-01-24 12:31:22
sew up,,…을 점유하다|독점적으로 계약하다|잘 매듭 짓다,"1)3. [미] 독점하다, 지배권을 잡다; [배우 등과] 독점 계약하다; [구어] [[표를]] 확보하다; [[선거·경기 등을]] 확실한 것으로 하다 
sew up votes at a convention  집회에서 표를 확보하다 
4. [구어] [[교섭 등을]] 잘 결정 짓다[성사시키다], 잘 마무리 짓다, 체결하다 
sew up a deal  교섭을 잘 결정 짓다 

",미암기,2011-01-23 21:20:27
put a person in his place,,남의 콧대를 꺾다|자기 분수를 알게 하다,"1)At first she tried to take charge of the meeting but I soon put her in her place
",미암기,2011-01-23 21:01:37
dry run,,…의 예행 연습을 하다|예행 연습|리허설,,미암기,2011-01-23 20:59:53
hop to it,,즉시해라|서둘러라|일을 시작하다,"1)Okay, let's hop to it!   알았어. 서두르자!

",미암기,2011-01-13 15:14:01
dice,dais,주사위꼴로 자르다|주사위|주사위 놀이를 하다,"1) Did you roll the dice while you were in Las Vegas?
라스베거스에서 도박 했어?


",미암기,2011-01-13 14:55:48
휴직,,temporary retirement from office|a layoff|retire temporarily from office,"1) 육아(유급)휴직하다. take paid time-off to raise their children
 육아휴직하다.  take time off from work to take care of their children 
 2년 연속 휴직하다. take two years off in a row
 개인적인 일로 6개월간 휴직하다. be on temporary leave for 6 months due to personal reasons
 
",미암기,2011-01-13 14:38:51
fit to be tied,,화나다|짜증나는|매우 격심하게,"1)I guess she fits to be tied. What happened?
그녀가 몹시 화난 것 같다. 무슨 일인가?
",미암기,2011-01-11 16:31:59
in a bind,,곤경에 빠져|매우 난처하여|딱하게 되어,,미암기,2011-01-11 16:04:52
catch,kæʧ,잡다|받다|적발하다|체포하다|걸리다,"1)2. 잡은 것; 어획량 
get a good catch 고기를 많이 잡다 
3. [구어] 얻고 싶은 것[사람], 대어, 뜻밖에 구한 진귀한 것 
a good catch 좋은 결혼 상대자   no catch 달갑지 않은 것, 무익한, 싫은, 어려운
4. [문]고리, 걸쇠, 잠금쇠, 손잡이 
the catch on a trunk 트렁크의 잠금쇠 
6. [구어] [사람을 걸리게 하는] 함정, 올가미, 책략 
This question has a catch in it. 이 문제에는 함정이 있다. 

",미암기,2011-01-10 21:54:23
lay down the law,,독단적인 말투를 쓰다|권위자처럼 단언하다|거만한 태도로 명령하다,"1)give somebody orders and express your opinions in an unpleasant, aggressive way, often when you have no right to do so. 

ex) He came in here this morning and started laying down the law about all kinds of things. Who does he think he is? 오늘아침 여기와서 고압적으로 이래라 저래라 했다. 자기가 뭐라도 되는줄 아나보지?
",미암기,2011-01-10 20:27:24
let it all hang out,,솔직하게 말하다|마음을 터놓다|속편하게 하다,"1)If you cut that fancy footwork out, I'll let it all hang out, too.
당신이 교묘하게 말꼬리를 돌리지만 않는다면 나도 솔직히 털어놓겠소
Sometimes you just have to let it all hang out and say what you really think.
",미암기,2011-01-10 20:26:07
hot under the collar,,화를 내어|흥분하여|당황하여,,미암기,2011-01-09 21:35:09
move along,,저리 가시오|안으로 들어가 주세요|떠나가게 하다,,미암기,2011-01-09 15:15:01
wasted,wéistid,헛된|황폐해진|쇠약해진,"1)I was wasted yesterday. 나 어제 취했었어
",미암기,2011-01-07 15:34:05
carry away,,…을 가져가 버리다|휩쓸다|…의 목숨을 빼앗다,"1)I guess I got carried away.  내가 들떠 있었나 봐. 
When I shop I get carried away. 쇼핑만 하면 난 정신이 나가버려. 


",미암기,2011-01-07 12:54:54
on end,,한쪽 끝을 밑으로 하고|곧추세워서|계속적으로,"1)1. 곤두서서[upright] 
make one’s hair stand on end [공포 등으로] 머리카락을 쭈뼛 서게 하다 
2. 계속하여 
It rained for three days on end. 3일 동안 계속하여 비가 왔다. 


",미암기,2011-01-06 22:26:13
dash off,,급히 떠나다|돌진하다,"1)dash off a letter 편지를 단숨에 쓰다


",미암기,2011-01-06 21:32:29
crumby,krΛmi,빵부스러기투성이의|말랑한|열등한,"1)crumby stuff : 지저분한 짓
",미암기,2011-01-06 21:21:50
run down,,흘러내리는|따라|낡은|황폐한|이르는,"1)The last owners really let this house run down.
옛 주인들이 이 집을 아주 닳도록 그냥 놔뒀어.


",미암기,2011-01-06 12:36:26
swear off,,맹세하고 끊다|그만둔다고 맹세하다,,미암기,2011-01-05 20:56:35
beef,biːf,쇠고기|강화하다|불만|비프,"1)Quit your beefing and go back to your work.
불평 그만두고 돌아가서 일이나 해.
",미암기,2011-01-05 20:53:04
glimpse,glimps,보다|잠깐보다|훑어보다|관측,"1)I caught a glimpse of her back. [출처: 동아 프라임 한영사전]
그녀의 뒷모습이 흘끗 보였다

have[catch, get] a glimpse of the truth [출처: 동아 프라임 영한사전]
진상을 어렴풋이 알다


",미암기,2011-01-05 20:32:17
askance,əskǽns,곁눈으로|비스듬히|의심쩍은 마음으로,,미암기,2011-01-05 20:28:58
swing around,swíŋəràund,"turn abruptly and face the other way, either physically or metaphorically","1)I swung the car round and drove back down the road.   
The Labour Party has now swung round to supporting Europe.   
You should be able to swing people round to your point of view.
",미암기,2011-01-05 20:11:39
casserole,kǽsəròul,캐서롤|찜냄비 요리|…을 캐서롤로 찌다,,미암기,2011-01-03 23:09:12
knock off,,복제 |가짜|떨어진|물리친|모조품,"1)[[금액을]] 깎다, 할인하다

A: Well I'm really in no mood to buy.
A: 글쎄 전 별로 살 마음이 없는데요.

B: You will be when you see how much we knocked off on this on-e. 
B: 이 물건을 얼마나 싸게 내놓았는지 보면 마음이 생기실 걸요.


",미암기,2010-11-22 12:39:19
a piece of work,,일|곤란한 일|소동,"1)Her husband is a piece of work.
그녀의 남편은 이상한 사람이야. 


",미암기,2010-11-22 12:32:55
get out from under,,…의 아래에서 나오다|영향에서 벗어나다|관계를 끊다,,미암기,2010-11-22 12:28:28
rope,roup,줄|묶다|요령,"1)[속어] [the ~s] 비결, 요령[knack] 
know the ropes 일의 요령을 알고 있다; 세상 일에 통달하다 

You'll need someone to show you the ropes.
여기 사정을 알려줄 사람이 필요할 겁니다.
",미암기,2010-11-22 12:20:23
take charge of,,…의 보호를 떠맡다,,미암기,2010-11-19 12:36:19
knock some sense into a person,,분별 있는 행동을 하도록 남을 설득하다,"1)knock[talk] some sense into a person 
",미암기,2010-11-19 12:30:49
and all,,…등|기타 모두,,미암기,2010-11-14 19:16:47
on edge,,모서리를 아래로 하여|몹시 초조하여|안절부절 못하여,"1)Just being with him put me on edge. [출처: 동아 프라임 한영사전]
나는 그 사람 앞에서 안절부절못했다
",미암기,2010-11-12 16:50:14
hold back,,저지하다|억제하다|비밀로 해두다,"1)hold back tears  눈물을 억제하다
hold back information 정보를 감춰두다 

",미암기,2010-11-12 16:43:28
out of the blue,,느닷없이|뜻밖에|돌연,,미암기,2010-11-12 16:38:22
put away,,치우다|버리다|감옥에 가다|외면하다|정리하다,"1) [구어] [[음식물을]] 먹어치우다 
I want to put away some pizza and ice cream.
피자와 아이스크림을 먹고 싶다. 
",미암기,2010-11-11 12:51:53
fish around for,,~를 찾아 뒤지다. 찾아 돌아다니다,,미암기,2010-11-11 12:41:37
sport,spɔːrt,스포츠|체육|운동|장난,"1)[구어] 자랑삼아 보이다, 뽐내다; [새 모자 등을] 쓰고 몸치장하다 
sport a ring 반지를 자랑삼아 보이다 

",미암기,2010-11-07 00:11:01
at all,,전혀|조금도|조금이라도,"1)도대체
Do you believe it at all?  너는 도대체 그걸 믿니? 

이왕, 적어도
If you do it at all, do it well.  이왕 할 바에야 잘해라. 


",미암기,2010-11-06 09:55:24
as it stands,,현 상태로는|그대로는|가구·장식 등도 포함해서,,미암기,2010-11-06 08:27:27
smart,smaːrt,스마트한|똑똑한|영리한|현명한|멋있는,"1)vi. 괴로워하다. 분개하다.
I still smart when I think of the way she has treated me. 
 그녀가 나에게 대한 행동을 생각하면 아직도 마음이 아파요.
",미암기,2010-11-05 23:40:07
last straw,,참을 수 없게 되는 마지막,"1)I think this is the last straw. 
이제 더 이상 못 참을 거 같아요. 한계에 다다른 거 같아요.
",미암기,2010-11-05 23:36:56
out and out,,철저히|아주|철저한,,미암기,2010-11-05 23:32:58
bridesmaid,braiˈdzmeiˌd,신부 들러리|후원자|조연,,미암기,2010-11-05 23:13:00
chew out,,비난하다|호되게 꾸짖다|형편없이 깎아 내리다,"1)I got chewed out. or I got raked[hauled, dragged] over the coals. [출처: 동아 프라임 한영사전]
나는 호되게 야단맞았다
He really gave me a chewing out. [출처: 동아 프라임 한영사전]
그는 내게 호된 잔소리를 했다


",미암기,2010-11-05 23:09:52
next to nothing,,거저의|거의 제로에 가까운|없는 것이나 다름없는,"1) I got it for next to nothing. 나는 그것을 거의 돈을 주지 않고 구했다.
It cost next to nothing. 그것은 비용이 거의 들지 않았다.


",미암기,2010-11-05 22:56:31
novelty,nάvəlti,새로움|신기함,,미암기,2010-11-05 22:24:36
broach,brouʧ,…에 구멍을 뚫다|꼬챙이|쇠꼬챙이,"1)[이야기를] 끄집어 내다
I'm afraid if I broach the subject, I'll sound jealous.
그 이야기를 꺼내면 질투하는 것처럼 보일까봐 못하겠어요.
",미암기,2010-11-05 22:13:19
pointer,pɔ́intər,가리키는 사람|교편|바늘,"1)구어] 충고, 조언[助言]
Maybe you can give me some pointers.
 그럼 나한테도 좀 가르쳐 줘. 


",미암기,2010-11-04 13:15:16
sweet tooth,,단것을 좋아하기|단것을 좋아함|마약 중독,,미암기,2010-11-03 12:53:40
a bull in a china shop,,물불가리지 않는 난폭자|계획을 망가뜨리는 눈치없는 사람,,미암기,2010-10-28 12:44:30
hush money,,입 막음 돈|무마비,,미암기,2010-10-28 12:44:03
black and white,,인쇄|펜화|흑백인,,미암기,2010-10-28 12:43:38
rob the cradle,,자기보다 훨씬 나이 어린 상대를 선택하다,,미암기,2010-10-28 12:42:01
poetic justice,,시적 정의|권선 징악,,미암기,2010-10-28 12:41:27
a horse of another color,,전혀 다른 것|전혀 별개의 사항,,미암기,2010-10-28 12:41:06
pop the question,,결혼을 신청하다|구혼하다|청혼하다,,미암기,2010-10-28 12:40:32
jump the gun,,조급히 굴다|신호보다 앞서 스타트하다|일을 성급하게 시작하다,,미암기,2010-10-28 12:39:45
get cold feet,,긴장하다|겁을 먹다|겁먹다,,미암기,2010-10-28 12:39:16
keep up with the Joneses,,이웃에 지지 않으려고 허세를 부리다|이웃 사람과 경쟁하다,,미암기,2010-10-28 12:38:40
over the hill,óuvərðəhíl,전성기가 지난|늙은|한물간,,미암기,2010-10-28 12:38:03
carte blanche,"kάːrt blǽnʧ, blάːnʧ",백지 위임|백지 위임장|자유 재량권,,미암기,2010-10-28 12:35:11
breeze,briːz,바람|순풍|쉬운 일|경쾌하게 드나들다,,미암기,2010-10-28 12:34:14
a fine day for young ducks,,비오는 날씨,,미암기,2010-10-28 12:25:56
wet blanket,wétblǽŋkit,좌중의 흥을 깨는 사람|…의 흥을 깨다|젖은 담요,,미암기,2010-10-28 12:21:00
confide,kənfáid,비밀을 털어놓다|신뢰하다|신용하다,,미암기,2010-10-28 12:17:29
bad,bæd,나쁜|좋지 않은|잘못된|심한|해로운,"1)go from bad to worse 더욱 더 나빠지다 

",미암기,2010-10-28 12:15:39
pitch in,,거들다|기부하다|협력하다,,미암기,2010-10-28 11:37:24
put together,,한데 모으다|합치다|모으다,"1)Let's put together a picnic. 피크닉을 계획하자. 

",미암기,2010-10-28 11:34:36
kick back,,반격하다|쉬다|휴식을 취하다,"1)Kick back, I’ll get it. 앉아계세요, 제가 나갈께요


",미암기,2010-10-28 11:26:00
hold off,,연기하다|막다|미루다,,미암기,2010-10-28 11:20:43
out and about,,병상에서 일어나 외출할 수 있게 되어|나다니고,,미암기,2010-10-28 11:14:13
benchwarmer,,후보 선수|보결 선수,,미암기,2010-10-27 13:26:04
talker,tɔ́ːkər,말하는 사람|말이 …한 사람|수다쟁이,"1)a good talker 좌담을 잘하는 사람
",미암기,2010-10-27 13:22:41
cry wolf,,「늑대가 왔다」고 외치다,,미암기,2010-10-27 13:21:21
tall story,,허풍|과장된 이야기,,미암기,2010-10-27 13:20:56
by a nose,,간신히|가까스로|작은 차이로,,미암기,2010-10-27 13:20:36
nuts and bolts,,기본|작동부|경영,,미암기,2010-10-27 13:18:05
cloud nine,,하늘로 날아 오를 듯한 기분|들뜬 상태|행복의 절정,,미암기,2010-10-27 13:16:42
on thin ice,,위험한 상태에서,,미암기,2010-10-27 13:14:19
take the bull by the horns,,용감하게 난국에 맞서다|주도권을 쥐다,,미암기,2010-10-27 13:13:15
sitting duck,,쉬운 목표|잘 속는 사람|쉬운 일,,미암기,2010-10-27 13:12:31
fit like a glove,,꼭 맞다,,미암기,2010-10-27 13:09:57
like a bat out of hell,,초스피드로|저돌적으로,,미암기,2010-10-27 13:07:12
out of this world,,월등히 좋은|탁월한|현실과 동떨어진,"1)The food was out of this world.
음식 맛이 기가 막혔다
",미암기,2010-10-27 13:06:22
lay an egg,,큰 손해를 보다|알을 낳다|실패하다,,미암기,2010-10-27 13:02:11
over the hump,,난관을 벗어난|절반이 지난|고비를 넘겨,,미암기,2010-10-27 13:01:42
Dutch courage,,술김에 내는 용기|술,,미암기,2010-10-27 13:01:04
throw the book at,,엄벌에 처하다|…을 엄하게 벌하다,,미암기,2010-10-27 12:58:14
motocross,móutoukrɔ̀(ː)s,모토크로스|모터크로스,,미암기,2010-10-26 23:03:24
pest,pest,해충|유해물|작은 동물,"1)What a pest you are! 정말 끈덕진 아이군!


",미암기,2010-10-26 22:48:52
brat,bræt,작업복|앞치마|새끼,"1)He´s just a spoiled brat! 
그 녀석 정말 버릇없는 꼬마군!

",미암기,2010-10-26 22:40:24
puberty,pjúːbərti,사춘기|성숙기|결혼 적령기,"1)She thinks it's a huge joke that I am going through puberty and holds her nose around me all the time.
그녀는 제가 사춘기를 겪는 게 웃기다고 생각하고 저를 보면 코를 막고 다녀요. 



",미암기,2010-10-26 22:34:52
crack,kræk,균열|크랙|금 가다|시작하다|갈라지다,"1)crack a joke 농담하다 
She cracks rude comments about me. 저에 대해 나쁜 말을 해요. 

",미암기,2010-10-26 22:24:30
dumb,dʌm,멍청한|말이 없는|바보|덤|어리석은,"1)the dumb millions [정치적 발언권이 없는] 무언의 대중, 민중 
the deaf and dumb 농아[聾啞] 

[미·구어] 우둔한, 어리석은[stupid] 
She always tries to make me feel dumb and little. 
그녀는 항상 저를 하찮은 바보처럼 느끼게 만들려고 해요. 



",미암기,2010-10-26 22:04:01
injured party,,피해자,,미암기,2010-10-24 20:54:27
degrading,digréidiŋ,품위를 떨어뜨리는|품격을 낮추는|타락시키는,,미암기,2010-10-24 20:50:05
warp,wɔːrp,휘게 하다|구부리다|왜곡하다,,미암기,2010-10-24 20:21:31
death,deθ,죽음|사망|살인|사형|종말,,미암기,2010-10-24 20:17:01
break the bank,,판돈을 싹 쓸다|엄청난 액수는 아니다,,미암기,2010-10-22 14:39:06
hot seat,,전기 의자|곤경|불안한 입장,,미암기,2010-10-22 14:22:53
tone down,,부드러워지다|약해지다|잠잠해지다,,미암기,2010-10-22 13:52:21
pay through the nose for sth,,터무니없는 값을 지불하다|바가지를 쓰다,,미암기,2010-10-22 13:10:57
cultivate,kΛltəvèit,재배하다|양성하다|발전시키다|개발하다|조성하다,,미암기,2010-10-21 22:34:17
groom,gruːm,신랑|…의 털을 깨끗이 하다|깔끔하게 다듬다,,미암기,2010-10-21 22:24:12
Alcoholics Anonymous,,알코올 중독자 자주 치료 협회|(약어)AA,,미암기,2010-10-21 22:20:16
chuckle,ʧΛkl,낄낄거리며 웃다|만족한 미소를 짓다,,미암기,2010-10-21 22:11:59
belong together,,그룹을 이루다|서로 친밀하다|동반하다,,미암기,2010-10-21 22:07:07
indiscretion,ìndiskréʃən,무분별|사려 없음|경솔,,미암기,2010-10-21 21:49:25
promiscuous,prəmískjuəs,난잡한|혼잡한|마구잡이의,,미암기,2010-10-21 21:48:25
everything but the kitchen sink,,하나에서 열까지 모두|무엇이나|생각할 수 있는 모든 것,,미암기,2010-10-21 15:50:41
old hand,,숙련자|노련가|경험자,,미암기,2010-10-21 13:42:40
wind down,wáinddàun,단계적 축소|늦어지다|서다,,미암기,2010-10-21 13:39:21
pass on,,속이다|이용하다|물려주다,,미암기,2010-10-21 12:34:16
looker,lúkər,보는 사람|검사관|인물이 잘 생긴 여자,,미암기,2010-10-21 12:29:49
spitting image,,꼭 닮음|빼쏨|빼닮음,,미암기,2010-10-21 12:29:06
labor of love,,좋아서 하는 일|사랑의 수고|독지 사업,,미암기,2010-10-19 13:01:02
out of place,,장소에 어울리지 않는|붕 뜬 듯한|잘못 놓인,,미암기,2010-10-19 12:35:04
in store,,점내의|점내에서 쓰여지는|가게 안에있는,,미암기,2010-10-15 12:50:42
on the rocks,,얼음을 넣은|파산하여|파멸할 지경에,,미암기,2010-10-15 12:38:24
outset,auˈtseˌt,착수|시작,,미암기,2010-10-15 12:36:43
clincher,klínʧər,결정적 요인|구부려 박는 도구|결정타,,미암기,2010-10-15 12:27:06
sanction,sǽŋkʃən,제재|인정하다|허가|처벌|지지,,미암기,2010-10-13 22:38:17
jam,dʒæm,잼|방해하다|막히는|즉흥적인|채워넣은,,미암기,2010-10-13 18:04:38
take up the slack,,느슨함을 죄다|기강을 바로잡다|활력을 넣다,,미암기,2010-10-13 17:54:47
house,haus,주택|집|하우스|의회|가정의,,미암기,2010-10-13 16:58:48
push,puʃ,추진하다|밀다|누르다|노력하다|압력을 가하다,,미암기,2010-10-13 16:40:27
tag along,,"go along with, often uninvited",,미암기,2010-10-13 14:23:38
pipe dream,,몽상|꿈 같은 이야기|공상적인 생각,,미암기,2010-10-13 14:15:11
whine,hwain,낑낑거리다|우는 소리|애처롭게 콧소리를 내다,,미암기,2010-10-13 14:06:41
juice,dʒuːs,주스|즙|힘,,미암기,2010-10-13 11:16:55
go belly up,,죽다|실패하다|도산하다,,미암기,2010-10-12 12:32:54
breakdown,breiˈkdauˌn,붕괴|고장|쇠약|명세|실책,,미암기,2010-10-11 21:10:57
bash,bæʃ,강타하다|강타|…을 두들겨 우그러뜨리다,,미암기,2010-10-11 21:00:20
command performance,,어전 연극|어전 상연,,미암기,2010-10-11 20:40:06
backfire,bæˈkfaiˌr,역효과|역풍|실패하다|부작용|역화,,미암기,2010-10-11 20:34:04
chattel,ʧǽtl,동산|가재|노예,"1)goods and chattels 일체의 동산 

",미암기,2010-10-10 16:30:52
overshadow,ouˈvərʃæˈdou,가리다|…을 흐리게 하다|…을 어둡게 하다,,미암기,2010-10-10 16:26:25
best man,,신랑 들러리|최적임자,,미암기,2010-10-10 16:21:18
stun,stʌn,놀라게 하다|멋지다|기절시키다,,미암기,2010-10-10 16:09:19
obvious,άbviəs,분명한|명백한|뻔한|확실한,,미암기,2010-10-08 23:09:16
occur,əkə́ːr,발생하다|일어나다|생기다|나타나다|발견되다,,미암기,2010-10-06 23:28:18
hand and foot,,손발을 다 함께|꼼짝달싹 못 하도록|노예같이,,미암기,2010-10-06 22:58:26
assault and battery,,폭행|폭력 행위|폭행 구타,,미암기,2010-09-29 22:57:39
blast,blæst,폭발|발사하다|공격하다|날리다|홈런을 치다,,미암기,2010-09-29 22:20:46
mushy,mΛʃi,무른|지나치게 감상적인|눈물이 많은,,미암기,2010-09-29 22:19:36
gamy,géimi,용감한|사냥감 냄새가 나는|기운 좋은,,미암기,2010-09-29 22:18:56
sirloin,sə́ːrlɔin,설로인,,미암기,2010-09-29 22:18:23
clientele,klàiəntél,고객|환자|소송 의뢰인,,미암기,2010-09-29 22:17:56
presentable,prizéntəbl,남 앞에 내놓을 만한|상연할 수 있는|보기 흉하지 않은,,미암기,2010-09-29 22:16:39
washbowl,,세면기|세면대|세숫대야,,미암기,2010-09-26 10:38:37
frisk,frisk,깡충깡충 뛰다|까불며 놀다|더듬어 보다,,미암기,2010-09-26 10:37:33
unrequited,əˌnrikwaiˈtid,보답 없는|일방적인|무보수의,,미암기,2010-09-26 10:02:52
staunch,stɔːnʧ,충실한|확고한|견실한,,미암기,2010-09-26 10:02:18
distress,distrés,고통|곤란|고난|걱정|지친,,미암기,2010-09-26 09:55:16
nosy,nóuzi,참견하기 좋아하는|꼬치꼬치 캐묻는|２ 참견하기 좋아하는 사람,,미암기,2010-09-26 09:54:04
opinionated,əpínjənèitid,의견을 고집하는|독단적인|자기주장을 고집하는,,미암기,2010-09-26 09:53:32
take to the hills,,도망치다|도주하여 숨다,,미암기,2010-09-25 21:54:51
fill in,,대리|기입|기입하다,,미암기,2010-09-25 16:42:58
circumcision,sə̀ːrkəmsíʒən,할례|심신의 정화|유대인,,미암기,2010-09-25 16:02:38
trash,træʃ,쓰레기|버리다|손상시키다|비난하다,,미암기,2010-09-23 21:35:18
approve,əprúːv,승인하다|허가하다|찬성하다|동의하다|인정하다,,미암기,2010-09-10 19:32:07
rape,reip,강간|강간하다|강탈,,미암기,2010-09-09 21:53:00
a bed of roses,,안락한 신세,,미암기,2010-09-08 23:51:16
high and low,,모든 계급의|모든 곳을,,미암기,2010-09-08 23:46:14
have it in for a person,,남에게 앙심을 품다|트집을 잡다,,미암기,2010-09-05 21:16:01
way,wei,방법|방식|길|방면|…점,,미암기,2010-09-05 21:01:03
mouthpiece,mauˈθpiˌs,입에 대는 부분|마우스피스|전화기의 송화구,,미암기,2010-09-05 19:46:12
stow,stou,타다|집어넣다|스토우,,미암기,2010-09-05 19:42:14
offhand,ɔˈfhæˈnd,준비 없이|부주의한|즉석에서,,미암기,2010-09-05 19:37:55
infatuated,infǽʧuèitid,미친|열중한|반한,,미암기,2010-09-05 14:00:05
befriend,bifrénd,친구가 되다|돕다|…을 돌봐주다,,미암기,2010-09-03 08:24:27
qualify,kwάləfài,자격을 갖추다|자격을 얻다|예선을 통과하다,,미암기,2010-09-02 23:06:05
audit,ɔ́ːdit,감사|단속|청강|세무조사,,미암기,2010-09-02 22:55:17
ploy,plɔi,상대의 콧대를 꺾는 책략|횡대에서 종대로 한다|취미,,미암기,2010-08-31 22:51:42
forsake,fərséik,버리다|그만두다|…을 저버리다,,미암기,2010-08-31 22:47:44
light,lait,빛|조명|밝게하다|광선|켜다,,미암기,2010-08-31 13:45:55
jiffy,dʒífi,지피|순간|일순,,미암기,2010-08-31 13:36:14
go back on,,취소 하다|지키지 않다|배신하다,,미암기,2010-08-29 19:07:22
give out,,정지하다|보내다|공표하다,,미암기,2010-08-29 18:57:22
give away,,거저 주다|누설하다|무너져 내리다,,미암기,2010-08-29 18:53:04
get the better of,,능가하다|…에 이기다|패배시키다,,미암기,2010-08-29 18:48:36
get going,,시작하다|행하다|빨리하다,"1)★★★★★
",미암기,2010-08-29 18:47:35
gain ground,,전진하다|진척되다|진보하다,,미암기,2010-08-29 18:41:31
fix up,fíksΛp,수리|개량|마약 1회분의 양,,미암기,2010-08-29 18:33:48
fall in with,,…과 일치하다|만나다|알게 되다,,미암기,2010-08-29 18:29:47
draw,drɔː,그리다|끌다|긋다|만들다|받다,,미암기,2010-08-29 18:25:03
at length,,마침내|충분히|상세히,,미암기,2010-08-29 17:57:40
oblige,əbláidʒ,…에게 강요하다,,미암기,2010-08-28 18:04:07
anatomy,ənǽtəmi,해부학|해부|구조,,미암기,2010-08-28 17:44:41
bend,bend,구부러지다|휘다|숙이다|굴절되다|굴복시키다,,미암기,2010-08-24 23:10:27
get past,,벗어나다|지나가다|…의 눈을 피하다,,미암기,2010-08-23 23:32:36
trust,trʌst,신뢰|믿음|신탁|기업합동|신용,,미암기,2010-08-23 23:21:54
in passing,,지나는 길에|…하는 김에|말이 난 김에,,미암기,2010-08-23 22:56:03
braid,breid,땋다|묶다,,미암기,2010-08-23 22:50:52
lock,lak,잠그다|갇히다|고정시키다|자물쇠|닫다,,미암기,2010-08-23 22:49:32
demented,diméntid,머리가 돈|실성한|발광한,,미암기,2010-08-22 21:08:57
revelation,rèvəléiʃən,계시|폭로|공개|드러내는|발현,,미암기,2010-08-22 20:59:25
minimize,mínəmàiz,과소평가하다|줄이다|…의 양을 최소 한도로 하다,,미암기,2010-08-20 23:45:32
bear with,,…을 참다|견디다|말하는 것을 참을성 있게 듣다,,미암기,2010-08-18 13:11:31
the end of the road,,"한계|막다른 길|목적지, 최종 목표",,미암기,2010-08-18 13:06:09
break in,,깨뜨리다|침입|길들이다|끼어들기,,미암기,2010-08-18 13:01:59
dream up,,생각해 내다|만들어 내다|창작하다,,미암기,2010-08-18 13:01:04
make waves,,물결을 일게 하다|소동을 일으키다|평지풍파를 일으키다,,미암기,2010-08-18 12:54:54
palimony,pǽləmouni,동거 생활을 하다가 헤어진 여성에게 주는 별거 수당|이별 위자료,,미암기,2010-08-18 12:51:38
alimony,ǽləmòuni,별거 수당|부양|부양금,,미암기,2010-08-18 12:51:30
referral,rifə́ːrəl,위탁|부탁|추천서,,미암기,2010-08-17 23:20:13
custodian,kʌstóudiən,관리인|보관자|보호인,,미암기,2010-08-17 23:05:06
inventory control,,재고 관리,,미암기,2010-08-17 17:27:04
cash cow,,수지맞는 장사|달러 박스|큰 돈 벌이가 되는 것,,미암기,2010-08-17 16:48:20
as the crow flies,,by the shortest and most direct route,,미암기,2010-08-16 23:21:29
allow,əláu,…할 수 있게 하다|허용하다|허락하다,,미암기,2010-08-16 23:19:13
add up,ǽdΛp,결과|합쳐서|맞다|총|전부,,미암기,2010-08-16 23:15:11
rail,reil,철도|레일|난간|철로,,미암기,2010-08-16 23:04:38
pool,puːl,풀|수영장|모으다|당구,,미암기,2010-08-16 17:50:08
own,oun,자신의|스스로 하는|…자체의|독자적인|직접의,,미암기,2010-08-16 17:01:11
fork out,,돈을 내놓다|내놓다|내어주다,,미암기,2010-08-16 16:36:46
stunt,stʌnt,스턴트|묘기|발육 부진|선전|방해하다,,미암기,2010-08-16 16:30:24
whammy,hwǽmi,재수없는 것|악마의 눈|그 눈으로 노려보기,,미암기,2010-08-16 00:00:30
entry,éntri,가입|진출|참가|수입|들어감,,미암기,2010-08-15 16:53:54
policyholder,pάlisihòuldər,보험 계 약자|피보험자,,미암기,2010-08-15 16:48:43
rushing,rΛʃiŋ,격한|성급한|활발한,,미암기,2010-08-15 16:35:56
날짜,,date|day,,미암기,2010-08-15 16:17:27
streamer,stríːmər,흐르는 것|기드림|색 테이프,,미암기,2010-08-15 15:33:41
defrost,difrɔ́ːst,녹다|해동시키다|해동되다,,미암기,2010-08-15 15:30:13
work up,wə́ːrkΛp,인쇄면의 얼룩|오점|얼룩,,미암기,2010-08-15 15:13:55
tempting,témptiŋ,유혹하는|매력적인|매혹적인,,미암기,2010-08-15 15:07:13
get ahold of,,…을 잡다|붙잡다|연락을 취하다,,미암기,2010-08-15 14:59:48
get,get,…시키다|받다|얻다|가지다|알아듣다,,미암기,2010-08-15 14:53:41
stink,stiŋk,악취|악취를 풍기다|고약한 냄새,,미암기,2010-08-15 14:50:41
risk,risk,위험|리스크|위기|우려|모험하다,,미암기,2010-08-15 13:55:43
trade,treid,무역|거래|통상|투자|직업,,미암기,2010-08-15 13:49:04
exult,igzΛlt,기뻐 날뛰다|미칠 듯이 기뻐하다|무척 기뻐하다,,미암기,2010-08-14 22:55:26
lie in state,,안치되다,,미암기,2010-08-14 22:24:55
jitter,dʒítər,신경질적으로 행동하다|안절부절 못하다|덜덜 떨다,,미암기,2010-08-14 22:22:07
fabled,féibld,전설적인|허구의|꾸며낸 이야기의,,미암기,2010-08-14 22:11:17
body rub,,마사지|전신 마사지,,미암기,2010-08-14 22:07:18
tummy,tΛmi,배,,미암기,2010-08-14 22:01:05
tuck,tʌk,넣다|감싸다|숨기다|굽히다,,미암기,2010-08-14 21:54:15
gaudy,gɔ́ːdi,야한|현란한|대만찬회,,미암기,2010-08-14 21:50:23
kick,kik,차다|발길질|킥|끊다|쏘는 맛,,미암기,2010-08-14 21:23:31
go,gou,가다|계속하다|떠나다|출발하다,,미암기,2010-08-14 21:18:01
memorabilia,mèmərəbíliə,기억할 만한 일|주요 기사|기록,,미암기,2010-08-14 21:05:14
역기,,a barbell|the weight|weight lifting,,미암기,2010-08-14 21:00:20
surgery,sə́ːrdʒəri,수술실|수술|외과,,미암기,2010-08-14 20:49:25
outing,áutiŋ,소풍|유람 여행|피크닉,,미암기,2010-08-14 20:39:38
well,wel,잘|흠|충분히|우물|나은,,미암기,2010-08-14 20:34:22
giggle,gígl,낄낄 웃다|키득거리다,,미암기,2010-08-14 20:31:06
hot spot,,위험한 장소|분쟁 지대|곤란한 상황,,미암기,2010-08-14 20:29:19
arteriosclerosis,aːrtìəriouskliəróusis,동맥 경화|동맥 경화증,,미암기,2010-08-14 20:25:21
be for it,,피할 수 없게 되어 있다|언짢은 일을 당하지 않을 수 없게 되어 있다,,미암기,2010-08-14 13:40:08
slip up,,미끄러져 넘어지다|발을 헛디디다|재앙을 만나다,,미암기,2010-08-13 11:31:04
turn over a new leaf,,생활을 일신하다|마음을 고치다,,미암기,2010-08-13 11:29:18
smell a rat,,수상하게 여기다|이상하다는 느낌을 가지다|눈치채다,,미암기,2010-08-13 11:28:42
on the house,,공짜로|가게에서 내는 턱으로|무료로,,미암기,2010-08-13 11:28:09
suck up to,,…에게 아첨하다,,미암기,2010-08-13 11:23:01
scald,skɔːld,…을 데게 하다|화상|끓을 정도로 가열하다,,미암기,2010-08-13 11:19:57
do in,,죽이다|모살하다|망쳐놓다,,미암기,2010-08-13 11:06:36
put it over,,스트라이크를 던지다|저 편에 건네다,,미암기,2010-08-13 11:05:06
put it over on a person,,남을 속이다|남의 허점을 이용하다,,미암기,2010-08-13 11:04:39
hold out on a person,,남에게 비밀로 하다|요구를 거절하다|양보하지 않다,,미암기,2010-08-13 11:00:59
wobbly,wάbli,흔들거리는|세계 산업 노동조합의 조합원|우울병,,미암기,2010-08-13 10:59:44
freeload,fríːlòud,얻어먹다|식객이 되다,,미암기,2010-08-13 10:56:46
angle,ǽŋgl,각도|관점|모서리,,미암기,2010-08-13 10:51:31
hot flash,,일과성 열감,,미암기,2010-08-13 10:48:11
layaway,léiəwèi,상품 예약 구입법,,미암기,2010-08-13 10:42:20
credentials,,a document attesting to the truth of certain stated facts,,미암기,2010-08-12 23:41:02
by rights,,with reason or justice,,미암기,2010-08-12 23:39:22
slog away,slag,…을 강타하다|강타|난타,,미암기,2010-08-12 23:37:32
wonk,waŋk,공부를 파고드는 학생|공부를 파고들다|시시한 녀석,,미암기,2010-08-12 23:35:49
with it,wíðit,현대식의|유행의 첨단을 걷는,,미암기,2010-08-12 23:34:52
with it,,in accord with the most fashionable ideas or style,"1)Don't you have anything more with it to wear?
넌 입을 게 좀 더 유행에 맞는 건 없니?
You don't seem very with it today.
네가 오늘은 뭐가 뭔지 잘 모르겠는 모양이구나.
",미암기,2010-08-12 23:34:47
miss out,mísàut,주사위 도박에서 건 돈을 잃는 주사위의 한번 던지기,,미암기,2010-08-12 23:19:20
mantle,mǽntl,맨틀|외벽|망토,,미암기,2010-08-12 23:15:44
hone,houn,숫돌|…을 숫돌로 갈다|불평을 말하다,,미암기,2010-08-12 23:04:25
grid lock,grídlὰk,교통 정체|교통 정체시키다|교통 마비 상태,,미암기,2010-08-12 23:01:27
oddball,aˈdbɔˌl,괴짜|별난,,미암기,2010-08-12 12:57:48
carpe diem,kάːrpi díːem,카르페 디엠|현재를 즐겨라,,미암기,2010-08-12 12:53:06
be tarred with the same brush,,같은 결점이 있다,,미암기,2010-08-12 12:49:44
kick the bucket,,죽다|뒈지다,,미암기,2010-08-12 12:48:40
a shot in the arm,,팔에 놓는 주사|자극|활력소,,미암기,2010-08-12 12:45:38
touch wood,,부정타지 않도록 빌다|행운을 빌다,,미암기,2010-08-12 12:43:05
hit home,,적중하다|급소를 찌르다|가슴을 찌르다,,미암기,2010-08-12 12:33:19
flip out,flípàut,자제력 상실|동요|엉뚱한 행동,,미암기,2010-08-12 11:15:39
call the shots,,지휘하다|명하다|지배하다,,미암기,2010-08-11 23:16:01
dog it,,허세 부리다|책임을 회피하다|일에 꾀를 부리다,,미암기,2010-08-11 23:13:13
extemporize,ikstémpə-ràiz,즉석에서 이야기하다|즉흥적으로 노래하다|…을 임시변통으로 만들다,,미암기,2010-08-11 23:07:34
knuckle down,,"work very hard, like a slave",,미암기,2010-08-11 23:05:26
infidelity,ìnfədéləti,부정|불충|불성실,,미암기,2010-08-11 23:02:36
backlog,bæˈklaˌg,주문 잔고|재고분|보유하다,,미암기,2010-08-11 22:59:26
have cold feet,,망설이다|겁을 먹다|겁먹다,,미암기,2010-08-11 22:51:45
chip in,,돈을모으다|기부하다|내기를 하다,,미암기,2010-08-11 22:47:57
get the ax,,감원당하다|정리되다|퇴학당하다,,미암기,2010-08-11 22:46:00
perish,périʃ,죽다|사라지다,,미암기,2010-08-11 16:38:48
walk out on,,버리다|떠나다|포기하다,,미암기,2010-08-11 16:31:40
pick up the pieces,,수습하다|사태를 수습하다,,미암기,2010-08-11 16:30:34
stalwart,stɔ́ːlwərt,건장한|튼튼한|힘세고 용감한|충실한,,미암기,2010-08-11 15:27:02